Timestamp,ActivePower(kW),ReactivePower(kW),Voltage(V),Intensity(A),Sub_1_Kitchen(Wh),Sub_2_Laundry(Wh),Sub_3_Climate(Wh),Unmonitored(Wh)
"2026-06-03T18:30:00.000Z","0.386","0.199","240.66","1.79","0","0","100","286"
"2026-06-03T19:30:00.000Z","0.501","0.266","240.89","2.33","0","0","100","401"
"2026-06-03T20:30:00.000Z","0.516","0.253","240.66","2.36","0","0","100","416"
"2026-06-03T21:30:00.000Z","0.482","0.141","239.86","2.1","0","0","100","382"
"2026-06-03T22:30:00.000Z","0.536","0.156","240.7","2.34","0","0","100","436"
"2026-06-03T23:30:00.000Z","0.374","0.138","239.44","1.63","0","0","100","274"
"2026-06-04T00:30:00.000Z","0.461","0.217","240.32","2.13","0","0","207","254"
"2026-06-04T01:30:00.000Z","1.608","0.616","240.19","7.16","257","0","566","785"
"2026-06-04T02:30:00.000Z","1.646","0.862","238.75","7.83","324","0","572","750"
"2026-06-04T03:30:00.000Z","0.215","0.114","241.26","1","0","0","97","118"
"2026-06-04T04:30:00.000Z","1.05","0.51","241.28","4.82","0","0","100","950"
"2026-06-04T05:30:00.000Z","0.894","0.41","239.07","4.12","0","0","100","794"
"2026-06-04T06:30:00.000Z","0.909","0.43","240.61","4.17","303","0","409","197"
"2026-06-04T07:30:00.000Z","0.857","0.233","239.61","3.73","279","0","386","192"
"2026-06-04T08:30:00.000Z","0.823","0.257","240.54","3.62","0","0","371","452"
"2026-06-04T09:30:00.000Z","0.768","0.324","239.92","3.49","0","0","346","422"
"2026-06-04T10:30:00.000Z","0.99","0.482","240.76","4.58","0","0","445","545"
"2026-06-04T11:30:00.000Z","0.322","0.131","240.73","1.48","0","0","145","177"
"2026-06-04T12:30:00.000Z","2.059","0.931","236.51","9.56","824","0","927","308"
"2026-06-04T13:30:00.000Z","3.099","1.243","237.78","14.03","672","0","410","2017"
"2026-06-04T14:30:00.000Z","3.04","1.237","235.14","13.92","987","0","405","1648"
"2026-06-04T15:30:00.000Z","2.002","1.02","238.67","9.45","0","0","901","1101"
"2026-06-04T16:30:00.000Z","0.282","0.104","241.08","1.26","0","0","100","182"
"2026-06-04T17:30:00.000Z","0.455","0.129","239.55","2","0","0","100","355"
"2026-06-04T18:30:00.000Z","0.36","0.166","240.28","1.63","0","0","100","260"
"2026-06-04T19:30:00.000Z","0.316","0.127","240.87","1.44","0","0","100","216"
"2026-06-04T20:30:00.000Z","0.228","0.097","241.46","1.03","0","0","100","128"
"2026-06-04T21:30:00.000Z","0.15","0.033","239.4","0.67","0","0","68","82"
"2026-06-04T22:30:00.000Z","0.15","0.05","238.93","0.68","0","0","68","82"
"2026-06-04T23:30:00.000Z","0.227","0.103","239.87","1.03","0","0","100","127"
"2026-06-05T00:30:00.000Z","0.186","0.075","239.87","0.86","0","0","84","102"
"2026-06-05T01:30:00.000Z","1.632","0.641","239.3","7.3","391","0","639","602"
"2026-06-05T02:30:00.000Z","1.533","0.48","240.94","6.64","490","0","331","712"
"2026-06-05T03:30:00.000Z","0.17","0.076","239.18","0.75","0","0","77","93"
"2026-06-05T04:30:00.000Z","0.812","0.277","240.61","3.55","0","0","100","712"
"2026-06-05T05:30:00.000Z","0.834","0.253","239.97","3.66","0","0","100","734"
"2026-06-05T06:30:00.000Z","0.911","0.349","241.39","4.06","365","0","406","140"
"2026-06-05T07:30:00.000Z","1.042","0.322","241.15","4.5","357","0","414","271"
"2026-06-05T08:30:00.000Z","0.896","0.482","239.82","4.22","0","0","403","493"
"2026-06-05T09:30:00.000Z","0.843","0.278","239.85","3.69","0","0","379","464"
"2026-06-05T10:30:00.000Z","0.892","0.391","240.78","4.06","0","0","402","490"
"2026-06-05T11:30:00.000Z","0.238","0.129","239.36","1.13","0","0","107","131"
"2026-06-05T12:30:00.000Z","1.922","0.956","237.08","9.1","557","0","865","500"
"2026-06-05T13:30:00.000Z","2.75","1.24","236.91","12.75","538","0","591","1621"
"2026-06-05T14:30:00.000Z","2.906","0.826","237.12","12.77","708","0","449","1749"
"2026-06-05T15:30:00.000Z","1.842","0.794","237.21","8.42","0","0","564","1278"
"2026-06-05T16:30:00.000Z","0.253","0.102","240.72","1.15","0","0","100","153"
"2026-06-05T17:30:00.000Z","0.351","0.144","239.46","1.55","0","0","100","251"
"2026-06-05T18:30:00.000Z","0.479","0.24","241.03","2.21","0","0","100","379"
"2026-06-05T19:30:00.000Z","0.319","0.169","240.97","1.47","0","0","100","219"
"2026-06-05T20:30:00.000Z","0.538","0.251","238.82","2.47","0","0","100","438"
"2026-06-05T21:30:00.000Z","0.519","0.289","240","2.43","0","0","100","419"
"2026-06-05T22:30:00.000Z","0.402","0.188","238.94","1.82","0","0","100","302"
"2026-06-05T23:30:00.000Z","0.382","0.2","240.65","1.78","0","0","100","282"
"2026-06-06T00:30:00.000Z","0.511","0.266","238.98","2.42","0","0","230","281"
"2026-06-06T01:30:00.000Z","1.93","0.877","239.94","8.88","229","0","406","1295"
"2026-06-06T02:30:00.000Z","1.929","0.795","240.42","8.7","763","0","466","700"
"2026-06-06T03:30:00.000Z","0.245","0.071","238.52","1.08","0","73","110","62"
"2026-06-06T04:30:00.000Z","1.172","0.441","240.33","5.21","0","352","100","720"
"2026-06-06T05:30:00.000Z","1.012","0.461","240.81","4.65","0","304","100","608"
"2026-06-06T06:30:00.000Z","1.003","0.464","240.71","4.57","401","301","451","0"
"2026-06-06T07:30:00.000Z","1.326","0.497","240.77","5.9","342","398","597","0"
"2026-06-06T08:30:00.000Z","1.439","0.765","240.96","6.78","0","422","647","370"
"2026-06-06T09:30:00.000Z","1.396","0.483","239.8","6.16","0","419","446","531"
"2026-06-06T10:30:00.000Z","1.141","0.599","240.88","5.34","0","0","513","628"
"2026-06-06T11:30:00.000Z","0.318","0.115","239.17","1.43","0","0","143","175"
"2026-06-06T12:30:00.000Z","2.455","1.057","238.42","11.23","885","0","597","973"
"2026-06-06T13:30:00.000Z","3.817","1.316","238.19","16.92","1371","0","576","1870"
"2026-06-06T14:30:00.000Z","3.667","1.256","236.6","16.41","609","0","501","2557"
"2026-06-06T15:30:00.000Z","2.45","1.249","236.14","11.63","0","0","401","2049"
"2026-06-06T16:30:00.000Z","0.301","0.18","240.04","1.42","0","0","100","201"
"2026-06-06T17:30:00.000Z","0.597","0.251","239.46","2.67","0","0","100","497"
"2026-06-06T18:30:00.000Z","0.661","0.287","238.6","3.02","0","0","100","561"
"2026-06-06T19:30:00.000Z","0.587","0.263","239.5","2.67","0","0","100","487"
"2026-06-06T20:30:00.000Z","0.464","0.258","240.77","2.17","0","0","100","364"
"2026-06-06T21:30:00.000Z","0.49","0.169","239.39","2.16","0","0","100","390"
"2026-06-06T22:30:00.000Z","0.718","0.328","238.67","3.27","0","0","100","618"
"2026-06-06T23:30:00.000Z","0.594","0.237","241.27","2.63","0","0","100","494"
"2026-06-07T00:30:00.000Z","0.508","0.196","240.33","2.25","0","0","229","279"
"2026-06-07T01:30:00.000Z","2.102","0.712","241.4","9.21","481","0","351","1270"
"2026-06-07T02:30:00.000Z","2.088","0.698","240.73","9.13","248","0","319","1521"
"2026-06-07T03:30:00.000Z","0.441","0.213","239.44","2.03","0","132","198","111"
"2026-06-07T04:30:00.000Z","1.179","0.578","239.55","5.46","0","332","100","747"
"2026-06-07T05:30:00.000Z","1.046","0.564","240.95","4.91","0","314","100","632"
"2026-06-07T06:30:00.000Z","1.278","0.704","241.29","6.01","511","383","575","0"
"2026-06-07T07:30:00.000Z","1.632","0.538","240.97","7.13","238","490","735","169"
"2026-06-07T08:30:00.000Z","1.337","0.541","239.44","6.03","0","401","601","335"
"2026-06-07T09:30:00.000Z","1.591","0.461","240.2","6.92","0","477","716","398"
"2026-06-07T10:30:00.000Z","1.072","0.447","241.1","4.81","0","0","482","590"
"2026-06-07T11:30:00.000Z","0.491","0.205","240.91","2.2","0","0","221","270"
"2026-06-07T12:30:00.000Z","2.402","0.879","236.41","10.84","892","0","475","1035"
"2026-06-07T13:30:00.000Z","3.813","1.358","235.9","17.19","1442","0","997","1374"
"2026-06-07T14:30:00.000Z","3.888","2.032","237.76","18.48","1332","0","717","1839"
"2026-06-07T15:30:00.000Z","2.49","1.344","237.83","11.86","0","0","637","1853"
"2026-06-07T16:30:00.000Z","0.441","0.237","239.01","2.09","0","0","100","341"
"2026-06-07T17:30:00.000Z","0.443","0.155","239.9","1.94","0","0","100","343"
"2026-06-07T18:30:00.000Z","0.481","0.26","241.46","2.23","0","0","100","381"
"2026-06-07T19:30:00.000Z","0.612","0.31","240.33","2.86","0","0","100","512"
"2026-06-07T20:30:00.000Z","0.507","0.152","239.79","2.21","0","0","100","407"
"2026-06-07T21:30:00.000Z","0.543","0.225","239.98","2.45","0","0","100","443"
"2026-06-07T22:30:00.000Z","0.587","0.21","241.22","2.6","0","0","100","487"
"2026-06-07T23:30:00.000Z","0.708","0.337","240.57","3.29","0","0","100","608"
"2026-06-08T00:30:00.000Z","0.457","0.222","239.73","2.13","0","0","206","251"
"2026-06-08T01:30:00.000Z","1.844","0.927","240.56","8.55","564","0","561","719"
"2026-06-08T02:30:00.000Z","1.693","0.781","238.82","7.83","376","0","528","789"
"2026-06-08T03:30:00.000Z","0.568","0.285","240.71","2.65","0","0","256","312"
"2026-06-08T04:30:00.000Z","1.034","0.453","240.48","4.68","0","0","100","934"
"2026-06-08T05:30:00.000Z","1.132","0.348","239.26","4.96","0","0","100","1032"
"2026-06-08T06:30:00.000Z","1.119","0.574","238.93","5.26","392","0","504","223"
"2026-06-08T07:30:00.000Z","1.114","0.35","239.38","4.86","428","0","465","221"
"2026-06-08T08:30:00.000Z","1.178","0.501","239.7","5.34","0","0","530","648"
"2026-06-08T09:30:00.000Z","1.21","0.464","240.38","5.43","0","0","448","762"
"2026-06-08T10:30:00.000Z","1.097","0.486","240.84","5","0","0","435","662"
"2026-06-08T11:30:00.000Z","0.582","0.2","240.56","2.54","0","0","262","320"
"2026-06-08T12:30:00.000Z","2.143","0.753","237.85","9.53","843","0","730","570"
"2026-06-08T13:30:00.000Z","3.166","1.673","238.13","15","631","0","619","1916"
"2026-06-08T14:30:00.000Z","3.054","1.162","236","13.85","1081","0","795","1178"
"2026-06-08T15:30:00.000Z","1.994","1.028","235.48","9.51","0","0","673","1321"
"2026-06-08T16:30:00.000Z","0.426","0.206","240.73","1.97","0","0","100","326"
"2026-06-08T17:30:00.000Z","0.524","0.247","238.85","2.47","0","0","100","424"
"2026-06-08T18:30:00.000Z","0.697","0.359","239.42","3.27","0","0","100","597"
"2026-06-08T19:30:00.000Z","0.789","0.401","241.19","3.68","0","0","100","689"
"2026-06-08T20:30:00.000Z","0.724","0.304","240.87","3.26","0","0","100","624"
"2026-06-08T21:30:00.000Z","0.764","0.367","241.47","3.54","0","0","100","664"
"2026-06-08T22:30:00.000Z","0.725","0.201","239.31","3.16","0","0","100","625"
"2026-06-08T23:30:00.000Z","0.568","0.22","239.58","2.55","0","0","100","468"
"2026-06-09T00:30:00.000Z","0.613","0.289","240.81","2.78","0","0","276","337"
"2026-06-09T01:30:00.000Z","1.86","0.952","241.06","8.71","331","0","301","1228"
"2026-06-09T02:30:00.000Z","1.835","0.846","238.82","8.48","576","0","650","609"
"2026-06-09T03:30:00.000Z","0.439","0.138","240.86","1.92","0","0","198","241"
"2026-06-09T04:30:00.000Z","1.049","0.463","239.71","4.75","0","0","100","949"
"2026-06-09T05:30:00.000Z","1.018","0.309","239.96","4.44","0","0","100","918"
"2026-06-09T06:30:00.000Z","1.091","0.45","240.33","4.88","281","0","461","349"
"2026-06-09T07:30:00.000Z","1.325","0.566","239.88","5.99","435","0","596","294"
"2026-06-09T08:30:00.000Z","1.182","0.535","239.36","5.4","0","0","532","650"
"2026-06-09T09:30:00.000Z","1.436","0.679","239.56","6.65","0","0","646","790"
"2026-06-09T10:30:00.000Z","1.517","0.621","238.92","6.86","0","0","662","855"
"2026-06-09T11:30:00.000Z","0.527","0.207","241.46","2.34","0","0","237","290"
"2026-06-09T12:30:00.000Z","2.118","0.783","236.62","9.54","416","0","854","848"
"2026-06-09T13:30:00.000Z","3.121","1.154","237.61","14.01","960","495","831","835"
"2026-06-09T14:30:00.000Z","3.277","1.083","236.55","14.62","840","0","937","1500"
"2026-06-09T15:30:00.000Z","2.154","1.076","235.75","10.18","0","0","785","1369"
"2026-06-09T16:30:00.000Z","0.495","0.283","239.21","2.35","0","0","100","395"
"2026-06-09T17:30:00.000Z","0.449","0.239","241.22","2.1","0","0","100","349"
"2026-06-09T18:30:00.000Z","0.534","0.201","240.35","2.41","0","0","100","434"
"2026-06-09T19:30:00.000Z","0.479","0.229","240.15","2.2","0","0","100","379"
"2026-06-09T20:30:00.000Z","0.429","0.206","239.53","1.98","0","0","100","329"
"2026-06-09T21:30:00.000Z","0.498","0.263","241.32","2.31","0","0","100","398"
"2026-06-09T22:30:00.000Z","0.503","0.253","239.91","2.35","0","0","100","403"
"2026-06-09T23:30:00.000Z","0.538","0.192","238.79","2.42","0","0","100","438"
"2026-06-10T00:30:00.000Z","0.451","0.261","240.38","2.13","0","0","203","248"
"2026-06-10T01:30:00.000Z","1.679","0.745","238.58","7.66","327","0","546","806"
"2026-06-10T02:30:00.000Z","1.698","0.66","240.74","7.56","490","0","478","730"
"2026-06-10T03:30:00.000Z","0.425","0.198","238.53","1.96","0","0","191","234"
"2026-06-10T04:30:00.000Z","1.403","0.73","239.75","6.64","0","0","100","1303"
"2026-06-10T05:30:00.000Z","1.09","0.428","240.28","4.84","0","0","100","990"
"2026-06-10T06:30:00.000Z","1.313","0.638","239.49","6.09","247","0","591","475"
"2026-06-10T07:30:00.000Z","1.066","0.541","239.14","4.99","286","0","480","300"
"2026-06-10T08:30:00.000Z","1.206","0.535","240.86","5.45","0","0","543","663"
"2026-06-10T09:30:00.000Z","1.153","0.552","240.8","5.33","0","0","519","634"
"2026-06-10T10:30:00.000Z","1.327","0.65","238.79","6.18","0","0","597","730"
"2026-06-10T11:30:00.000Z","0.385","0.11","238.59","1.7","0","0","173","212"
"2026-06-10T12:30:00.000Z","1.933","0.883","238.56","8.87","773","0","619","541"
"2026-06-10T13:30:00.000Z","2.977","1.197","235.42","13.64","440","0","928","1609"
"2026-06-10T14:30:00.000Z","3.042","1.362","235.35","14.14","1083","0","489","1470"
"2026-06-10T15:30:00.000Z","1.914","0.621","237.25","8.5","0","0","570","1344"
"2026-06-10T16:30:00.000Z","0.522","0.257","240.84","2.43","0","0","100","422"
"2026-06-10T17:30:00.000Z","0.58","0.211","239.82","2.6","0","0","100","480"
"2026-06-10T18:30:00.000Z","0.354","0.169","241.1","1.61","0","0","100","254"
"2026-06-10T19:30:00.000Z","0.269","0.117","239.69","1.21","0","0","100","169"
"2026-06-10T20:30:00.000Z","0.503","0.226","240.09","2.27","0","0","100","403"
"2026-06-10T21:30:00.000Z","0.359","0.195","241.1","1.68","0","0","100","259"
"2026-06-10T22:30:00.000Z","0.519","0.158","241.26","2.25","0","0","100","419"
"2026-06-10T23:30:00.000Z","0.377","0.184","241.02","1.72","0","0","100","277"
"2026-06-11T00:30:00.000Z","0.466","0.214","241.15","2.17","0","0","210","256"
"2026-06-11T01:30:00.000Z","1.633","0.566","241.11","7.2","300","0","498","835"
"2026-06-11T02:30:00.000Z","1.617","0.861","240.21","7.58","524","0","404","689"
"2026-06-11T03:30:00.000Z","0.199","0.106","240.47","0.92","0","0","89","110"
"2026-06-11T04:30:00.000Z","0.856","0.444","240.79","4.01","0","0","100","756"
"2026-06-11T05:30:00.000Z","1.001","0.315","240.51","4.39","0","0","100","901"
"2026-06-11T06:30:00.000Z","1.002","0.406","240.39","4.47","218","0","451","333"
"2026-06-11T07:30:00.000Z","1.025","0.353","239.78","4.54","342","0","461","222"
"2026-06-11T08:30:00.000Z","0.98","0.54","240.87","4.6","0","0","441","539"
"2026-06-11T09:30:00.000Z","0.907","0.381","240.77","4.06","0","0","408","499"
"2026-06-11T10:30:00.000Z","1.009","0.392","238.68","4.53","0","0","454","555"
"2026-06-11T11:30:00.000Z","0.403","0.193","241","1.88","0","0","181","222"
"2026-06-11T12:30:00.000Z","1.981","0.674","236.26","8.89","792","0","864","325"
"2026-06-11T13:30:00.000Z","3.003","1.267","237.45","13.73","755","465","608","1175"
"2026-06-11T14:30:00.000Z","2.947","1.255","236.77","13.54","888","0","472","1587"
"2026-06-11T15:30:00.000Z","1.928","0.969","236","9.12","0","0","868","1060"
"2026-06-11T16:30:00.000Z","0.226","0.143","238.84","1.07","0","0","100","126"
"2026-06-11T17:30:00.000Z","0.493","0.135","239.91","2.14","0","0","100","393"
"2026-06-11T18:30:00.000Z","0.169","0.062","240.05","0.79","0","0","76","93"
"2026-06-11T19:30:00.000Z","0.422","0.228","239.5","1.97","0","0","100","322"
"2026-06-11T20:30:00.000Z","0.372","0.154","241.32","1.67","0","0","100","272"
"2026-06-11T21:30:00.000Z","0.433","0.117","240.71","1.89","0","0","100","333"
"2026-06-11T22:30:00.000Z","0.15","0.059","240.42","0.66","0","0","68","82"
"2026-06-11T23:30:00.000Z","0.197","0.087","238.96","0.92","0","0","89","108"
"2026-06-12T00:30:00.000Z","0.273","0.094","240.25","1.22","0","0","123","150"
"2026-06-12T01:30:00.000Z","1.468","0.431","241.16","6.34","371","0","359","738"
"2026-06-12T02:30:00.000Z","1.64","0.877","240.35","7.73","577","0","680","383"
"2026-06-12T03:30:00.000Z","0.15","0.081","239.35","0.69","0","0","68","82"
"2026-06-12T04:30:00.000Z","1.108","0.526","240.48","5.08","0","0","100","1008"
"2026-06-12T05:30:00.000Z","0.924","0.451","240.18","4.31","0","0","100","824"
"2026-06-12T06:30:00.000Z","0.789","0.414","239.64","3.69","221","0","355","213"
"2026-06-12T07:30:00.000Z","0.962","0.271","240.35","4.18","385","0","433","144"
"2026-06-12T08:30:00.000Z","0.868","0.28","240.25","3.81","0","0","390","478"
"2026-06-12T09:30:00.000Z","0.999","0.342","239.99","4.37","0","0","450","549"
"2026-06-12T10:30:00.000Z","0.839","0.365","240.53","3.79","0","0","377","462"
"2026-06-12T11:30:00.000Z","0.268","0.133","239.55","1.21","0","0","121","147"
"2026-06-12T12:30:00.000Z","1.835","0.552","235.31","8.12","734","0","672","429"
"2026-06-12T13:30:00.000Z","2.921","1.302","238.32","13.45","1037","0","989","895"
"2026-06-12T14:30:00.000Z","2.82","0.975","237.98","12.56","822","611","966","421"
"2026-06-12T15:30:00.000Z","1.799","0.593","235.42","8.03","0","0","427","1372"
"2026-06-12T16:30:00.000Z","0.248","0.075","238.75","1.08","0","0","100","148"
"2026-06-12T17:30:00.000Z","0.207","0.089","240.43","0.94","0","0","93","114"
"2026-06-12T18:30:00.000Z","0.335","0.153","239.94","1.56","0","0","100","235"
"2026-06-12T19:30:00.000Z","0.483","0.242","240.43","2.28","0","0","100","383"
"2026-06-12T20:30:00.000Z","0.449","0.223","240.62","2.09","0","0","100","349"
"2026-06-12T21:30:00.000Z","0.488","0.146","241.29","2.12","0","0","100","388"
"2026-06-12T22:30:00.000Z","0.456","0.193","241.15","2.04","0","0","100","356"
"2026-06-12T23:30:00.000Z","0.509","0.161","240.59","2.25","0","0","100","409"
"2026-06-13T00:30:00.000Z","0.425","0.175","240.82","1.91","0","0","191","234"
"2026-06-13T01:30:00.000Z","1.894","0.665","240.02","8.38","268","0","435","1191"
"2026-06-13T02:30:00.000Z","1.9","0.644","239.98","8.39","442","0","644","814"
"2026-06-13T03:30:00.000Z","0.28","0.16","240.76","1.32","0","84","126","70"
"2026-06-13T04:30:00.000Z","0.927","0.481","241.35","4.34","0","278","100","549"
"2026-06-13T05:30:00.000Z","1.362","0.502","239.96","6.07","0","409","100","853"
"2026-06-13T06:30:00.000Z","1.328","0.451","240.87","5.8","405","398","468","57"
"2026-06-13T07:30:00.000Z","1.102","0.469","239.37","5.03","379","331","496","0"
"2026-06-13T08:30:00.000Z","1.177","0.526","240.66","5.39","0","353","530","294"
"2026-06-13T09:30:00.000Z","1.01","0.451","240.35","4.58","0","303","454","253"
"2026-06-13T10:30:00.000Z","0.991","0.302","238.93","4.36","0","0","446","545"
"2026-06-13T11:30:00.000Z","0.258","0.091","240.25","1.16","0","0","116","142"
"2026-06-13T12:30:00.000Z","2.466","0.941","236.43","11.13","745","0","974","747"
"2026-06-13T13:30:00.000Z","3.65","1.969","237.72","17.44","1061","0","929","1660"
"2026-06-13T14:30:00.000Z","3.698","1.81","236.35","17.38","740","0","533","2425"
"2026-06-13T15:30:00.000Z","2.441","1.32","236.34","11.73","0","0","756","1685"
"2026-06-13T16:30:00.000Z","0.28","0.131","240.89","1.25","0","0","100","180"
"2026-06-13T17:30:00.000Z","0.441","0.143","239.9","1.96","0","0","100","341"
"2026-06-13T18:30:00.000Z","0.606","0.238","241.43","2.72","0","0","100","506"
"2026-06-13T19:30:00.000Z","0.533","0.277","241.48","2.45","0","0","100","433"
"2026-06-13T20:30:00.000Z","0.646","0.298","240.96","2.95","0","0","100","546"
"2026-06-13T21:30:00.000Z","0.484","0.231","240.03","2.26","0","0","100","384"
"2026-06-13T22:30:00.000Z","0.564","0.235","240.69","2.53","0","0","100","464"
"2026-06-13T23:30:00.000Z","0.72","0.359","239.53","3.37","0","0","100","620"
"2026-06-14T00:30:00.000Z","0.5","0.135","239.81","2.18","0","0","225","275"
"2026-06-14T01:30:00.000Z","2.106","1.076","241.18","9.82","474","0","537","1095"
"2026-06-14T02:30:00.000Z","1.98","0.749","240.03","8.82","364","0","636","980"
"2026-06-14T03:30:00.000Z","0.529","0.287","240.37","2.48","0","159","238","132"
"2026-06-14T04:30:00.000Z","1.407","0.534","240.77","6.23","0","422","100","885"
"2026-06-14T05:30:00.000Z","1.634","0.844","239.38","7.66","0","490","100","1044"
"2026-06-14T06:30:00.000Z","1.25","0.651","238.8","5.91","312","375","480","83"
"2026-06-14T07:30:00.000Z","1.438","0.588","240.79","6.42","335","431","647","25"
"2026-06-14T08:30:00.000Z","1.114","0.487","240.93","5.08","0","334","501","279"
"2026-06-14T09:30:00.000Z","1.437","0.537","241.1","6.34","0","431","647","359"
"2026-06-14T10:30:00.000Z","1.141","0.528","239.72","5.21","0","0","481","660"
"2026-06-14T11:30:00.000Z","0.569","0.215","239.9","2.51","0","0","256","313"
"2026-06-14T12:30:00.000Z","2.536","1.057","235.52","11.68","840","0","597","1099"
"2026-06-14T13:30:00.000Z","3.752","1.282","237.19","16.7","1027","0","585","2140"
"2026-06-14T14:30:00.000Z","3.867","1.609","236.92","17.66","1157","0","810","1900"
"2026-06-14T15:30:00.000Z","2.687","1.007","237.07","12.11","0","0","465","2222"
"2026-06-14T16:30:00.000Z","0.58","0.24","239.54","2.63","0","0","100","480"
"2026-06-14T17:30:00.000Z","0.731","0.315","240.86","3.34","0","0","100","631"
"2026-06-14T18:30:00.000Z","0.573","0.261","238.63","2.65","0","0","100","473"
"2026-06-14T19:30:00.000Z","0.666","0.213","239.81","2.89","0","0","100","566"
"2026-06-14T20:30:00.000Z","0.629","0.339","241.18","2.95","0","0","100","529"
"2026-06-14T21:30:00.000Z","0.518","0.166","241.24","2.25","0","0","100","418"
"2026-06-14T22:30:00.000Z","0.58","0.24","238.81","2.64","0","0","100","480"
"2026-06-14T23:30:00.000Z","0.642","0.318","241.48","2.92","0","0","100","542"
"2026-06-15T00:30:00.000Z","0.572","0.237","239.14","2.56","0","0","258","314"
"2026-06-15T01:30:00.000Z","1.76","0.827","239.36","8.11","405","0","353","1002"
"2026-06-15T02:30:00.000Z","1.616","0.552","241.05","7.1","462","0","329","825"
"2026-06-15T03:30:00.000Z","0.445","0.181","240.91","2.03","0","0","200","245"
"2026-06-15T04:30:00.000Z","1.231","0.626","239.45","5.77","0","0","100","1131"
"2026-06-15T05:30:00.000Z","1.249","0.519","238.53","5.7","0","0","100","1149"
"2026-06-15T06:30:00.000Z","1.24","0.6","240.76","5.72","390","0","558","292"
"2026-06-15T07:30:00.000Z","1.073","0.455","241.33","4.81","429","0","450","194"
"2026-06-15T08:30:00.000Z","1.262","0.696","239.89","5.96","0","0","539","723"
"2026-06-15T09:30:00.000Z","1.144","0.522","240.57","5.21","0","0","515","629"
"2026-06-15T10:30:00.000Z","0.99","0.309","239.08","4.35","0","0","446","544"
"2026-06-15T11:30:00.000Z","0.492","0.144","239.87","2.15","0","0","221","271"
"2026-06-15T12:30:00.000Z","2.169","0.958","236.53","9.98","868","0","483","818"
"2026-06-15T13:30:00.000Z","3.009","1.135","236.97","13.55","755","0","466","1788"
"2026-06-15T14:30:00.000Z","3.172","1.25","236.19","14.47","999","0","572","1601"
"2026-06-15T15:30:00.000Z","2.14","1.027","235.46","10.06","0","0","781","1359"
"2026-06-15T16:30:00.000Z","0.414","0.135","239.3","1.84","0","0","100","314"
"2026-06-15T17:30:00.000Z","0.586","0.187","240.54","2.56","0","0","100","486"
"2026-06-15T18:30:00.000Z","0.623","0.232","241.03","2.77","0","0","100","523"
"2026-06-15T19:30:00.000Z","0.543","0.297","239.92","2.57","0","0","100","443"
"2026-06-15T20:30:00.000Z","0.522","0.28","239.43","2.45","0","0","100","422"
"2026-06-15T21:30:00.000Z","0.415","0.137","241.14","1.83","0","0","100","315"
"2026-06-15T22:30:00.000Z","0.547","0.307","240","2.58","0","0","100","447"
"2026-06-15T23:30:00.000Z","0.561","0.239","239.01","2.52","0","0","100","461"
"2026-06-16T00:30:00.000Z","0.38","0.154","239.84","1.69","0","0","171","209"
"2026-06-16T01:30:00.000Z","1.817","0.622","240.11","8.02","355","0","602","860"
"2026-06-16T02:30:00.000Z","1.874","0.748","241.07","8.41","562","0","545","767"
"2026-06-16T03:30:00.000Z","0.494","0.208","239.1","2.22","0","0","222","272"
"2026-06-16T04:30:00.000Z","1.34","0.522","240.54","5.98","0","0","100","1240"
"2026-06-16T05:30:00.000Z","1.403","0.703","238.79","6.6","0","0","100","1303"
"2026-06-16T06:30:00.000Z","1.214","0.416","240.47","5.36","448","0","500","266"
"2026-06-16T07:30:00.000Z","1.142","0.517","241.33","5.17","450","0","514","178"
"2026-06-16T08:30:00.000Z","1.1","0.445","240.11","4.92","0","0","495","605"
"2026-06-16T09:30:00.000Z","1.21","0.434","238.95","5.36","0","0","522","688"
"2026-06-16T10:30:00.000Z","0.939","0.454","240.86","4.33","0","0","423","516"
"2026-06-16T11:30:00.000Z","0.569","0.207","238.67","2.57","0","0","256","313"
"2026-06-16T12:30:00.000Z","2.287","0.812","236.78","10.28","591","0","988","708"
"2026-06-16T13:30:00.000Z","3.12","1.376","236.91","14.41","536","296","849","1439"
"2026-06-16T14:30:00.000Z","3.198","1.13","237.18","14.27","527","358","511","1802"
"2026-06-16T15:30:00.000Z","2.146","0.824","235.83","9.76","0","0","728","1418"
"2026-06-16T16:30:00.000Z","0.516","0.218","239.31","2.34","0","0","100","416"
"2026-06-16T17:30:00.000Z","0.65","0.244","240.33","2.86","0","0","100","550"
"2026-06-16T18:30:00.000Z","0.611","0.289","238.75","2.79","0","0","100","511"
"2026-06-16T19:30:00.000Z","0.584","0.28","241.14","2.65","0","0","100","484"
"2026-06-16T20:30:00.000Z","0.605","0.332","240.29","2.84","0","0","100","505"
"2026-06-16T21:30:00.000Z","0.535","0.188","240.33","2.35","0","0","100","435"
"2026-06-16T22:30:00.000Z","0.583","0.158","241.48","2.53","0","0","100","483"
"2026-06-16T23:30:00.000Z","0.435","0.234","239.89","2.03","0","0","100","335"
"2026-06-17T00:30:00.000Z","0.393","0.131","239.12","1.73","0","0","177","216"
"2026-06-17T01:30:00.000Z","1.632","0.566","239.14","7.22","358","0","643","631"
"2026-06-17T02:30:00.000Z","1.705","0.52","240","7.43","558","0","645","502"
"2026-06-17T03:30:00.000Z","0.401","0.156","240.83","1.76","0","0","180","221"
"2026-06-17T04:30:00.000Z","1.294","0.647","241.35","5.95","0","0","100","1194"
"2026-06-17T05:30:00.000Z","0.968","0.499","240.28","4.55","0","0","100","868"
"2026-06-17T06:30:00.000Z","1.117","0.606","240.62","5.27","357","0","503","257"
"2026-06-17T07:30:00.000Z","0.885","0.433","240.82","4.08","157","0","398","330"
"2026-06-17T08:30:00.000Z","1.096","0.383","239.69","4.83","0","0","491","605"
"2026-06-17T09:30:00.000Z","1.078","0.434","240.95","4.85","0","0","413","665"
"2026-06-17T10:30:00.000Z","1.313","0.446","240.56","5.8","0","0","524","789"
"2026-06-17T11:30:00.000Z","0.611","0.3","241.36","2.86","0","0","275","336"
"2026-06-17T12:30:00.000Z","2.092","0.614","236.49","9.24","630","0","802","660"
"2026-06-17T13:30:00.000Z","3.199","1.663","237.22","15.23","690","0","750","1759"
"2026-06-17T14:30:00.000Z","3.199","1.454","234.79","14.96","476","526","982","1215"
"2026-06-17T15:30:00.000Z","2.259","0.766","235.93","10.11","0","0","593","1666"
"2026-06-17T16:30:00.000Z","0.263","0.13","240.26","1.24","0","0","100","163"
"2026-06-17T17:30:00.000Z","0.591","0.25","240.1","2.67","0","0","100","491"
"2026-06-17T18:30:00.000Z","0.259","0.124","239.2","1.18","0","0","100","159"
"2026-06-17T19:30:00.000Z","0.535","0.226","240.37","2.41","0","0","100","435"
"2026-06-17T20:30:00.000Z","0.446","0.165","239.73","2.01","0","0","100","346"
"2026-06-17T21:30:00.000Z","0.372","0.14","240.93","1.68","0","0","100","272"
"2026-06-17T22:30:00.000Z","0.327","0.173","239.93","1.51","0","0","100","227"
"2026-06-17T23:30:00.000Z","0.311","0.158","239.64","1.42","0","0","100","211"
"2026-06-18T00:30:00.000Z","0.411","0.179","240.44","1.83","0","0","185","226"
"2026-06-18T01:30:00.000Z","1.737","0.667","239.71","7.74","595","0","305","837"
"2026-06-18T02:30:00.000Z","1.667","0.89","239.76","7.85","450","0","624","593"
"2026-06-18T03:30:00.000Z","0.358","0.186","238.51","1.66","0","0","161","197"
"2026-06-18T04:30:00.000Z","0.701","0.354","241.13","3.28","0","0","100","601"
"2026-06-18T05:30:00.000Z","1.116","0.559","240.58","5.16","0","0","100","1016"
"2026-06-18T06:30:00.000Z","0.896","0.336","240.19","3.98","247","0","403","246"
"2026-06-18T07:30:00.000Z","0.872","0.336","239.75","3.9","185","0","393","294"
"2026-06-18T08:30:00.000Z","1.085","0.522","239.13","5","0","0","488","597"
"2026-06-18T09:30:00.000Z","0.793","0.372","241.07","3.62","0","0","357","436"
"2026-06-18T10:30:00.000Z","0.831","0.268","240.25","3.61","0","0","374","457"
"2026-06-18T11:30:00.000Z","0.329","0.157","240.72","1.51","0","0","148","181"
"2026-06-18T12:30:00.000Z","2.001","1.024","237.53","9.42","800","0","517","684"
"2026-06-18T13:30:00.000Z","2.947","1.297","235.9","13.64","1154","0","839","954"
"2026-06-18T14:30:00.000Z","2.978","1.012","236.39","13.3","627","0","588","1763"
"2026-06-18T15:30:00.000Z","1.955","0.72","237.74","8.76","0","0","539","1416"
"2026-06-18T16:30:00.000Z","0.28","0.088","239.4","1.26","0","0","100","180"
"2026-06-18T17:30:00.000Z","0.396","0.179","238.79","1.8","0","0","100","296"
"2026-06-18T18:30:00.000Z","0.459","0.224","241.49","2.15","0","0","100","359"
"2026-06-18T19:30:00.000Z","0.162","0.095","239.73","0.75","0","0","73","89"
"2026-06-18T20:30:00.000Z","0.457","0.225","241.38","2.13","0","0","100","357"
"2026-06-18T21:30:00.000Z","0.328","0.132","240.38","1.46","0","0","100","228"
"2026-06-18T22:30:00.000Z","0.443","0.193","239.23","2.06","0","0","100","343"
"2026-06-18T23:30:00.000Z","0.257","0.112","240.08","1.2","0","0","100","157"
"2026-06-19T00:30:00.000Z","0.15","0.037","241.33","0.66","0","0","68","82"
"2026-06-19T01:30:00.000Z","1.479","0.425","240.9","6.41","500","0","423","556"
"2026-06-19T02:30:00.000Z","1.677","0.63","241.28","7.39","363","0","563","751"
"2026-06-19T03:30:00.000Z","0.167","0.09","241.28","0.76","0","0","75","92"
"2026-06-19T04:30:00.000Z","1.167","0.467","240.57","5.26","0","0","100","1067"
"2026-06-19T05:30:00.000Z","1.017","0.502","238.54","4.75","0","0","100","917"
"2026-06-19T06:30:00.000Z","0.58","0.291","240.29","2.7","232","0","261","87"
"2026-06-19T07:30:00.000Z","1.041","0.456","239.81","4.76","208","0","468","365"
"2026-06-19T08:30:00.000Z","1.14","0.328","239.89","4.96","0","0","513","627"
"2026-06-19T09:30:00.000Z","0.712","0.368","239.67","3.32","0","0","320","392"
"2026-06-19T10:30:00.000Z","0.915","0.376","240.56","4.13","0","0","412","503"
"2026-06-19T11:30:00.000Z","0.249","0.114","240.54","1.13","0","0","112","137"
"2026-06-19T12:30:00.000Z","1.959","0.877","237.68","8.99","784","0","560","615"
"2026-06-19T13:30:00.000Z","2.842","1.297","235.86","13.24","473","0","801","1568"
"2026-06-19T14:30:00.000Z","3.027","1.476","236.53","14.21","945","0","901","1181"
"2026-06-19T15:30:00.000Z","1.808","0.573","237.64","7.97","0","0","481","1327"
"2026-06-19T16:30:00.000Z","0.15","0.044","239.3","0.67","0","0","68","82"
"2026-06-19T17:30:00.000Z","0.346","0.177","240.43","1.6","0","0","100","246"
"2026-06-19T18:30:00.000Z","0.558","0.204","239.18","2.51","0","0","100","458"
"2026-06-19T19:30:00.000Z","0.688","0.239","239.11","3.04","0","0","100","588"
"2026-06-19T20:30:00.000Z","0.507","0.158","238.59","2.24","0","0","100","407"
"2026-06-19T21:30:00.000Z","0.63","0.247","240.57","2.8","0","0","100","530"
"2026-06-19T22:30:00.000Z","0.271","0.134","238.56","1.25","0","0","100","171"
"2026-06-19T23:30:00.000Z","0.39","0.129","240.05","1.7","0","0","100","290"
"2026-06-20T00:30:00.000Z","0.213","0.1","239.14","0.97","0","0","96","117"
"2026-06-20T01:30:00.000Z","2.02","1.03","240.04","9.44","398","0","345","1277"
"2026-06-20T02:30:00.000Z","1.904","0.638","241.08","8.33","452","0","596","856"
"2026-06-20T03:30:00.000Z","0.276","0.09","240.54","1.21","0","83","124","69"
"2026-06-20T04:30:00.000Z","1.338","0.645","239.39","6.2","0","401","100","837"
"2026-06-20T05:30:00.000Z","1.375","0.744","239.34","6.48","0","412","100","863"
"2026-06-20T06:30:00.000Z","1.327","0.423","239.09","5.81","169","398","597","163"
"2026-06-20T07:30:00.000Z","0.909","0.431","240.29","4.17","364","273","409","0"
"2026-06-20T08:30:00.000Z","1.066","0.535","238.85","4.97","0","320","480","266"
"2026-06-20T09:30:00.000Z","1.236","0.638","240.84","5.74","0","371","556","309"
"2026-06-20T10:30:00.000Z","1.355","0.713","238.72","6.4","0","0","610","745"
"2026-06-20T11:30:00.000Z","0.282","0.128","240.19","1.25","0","0","127","155"
"2026-06-20T12:30:00.000Z","2.33","1.26","238.1","11.09","466","0","791","1073"
"2026-06-20T13:30:00.000Z","3.546","1.735","238.04","16.54","1094","0","794","1658"
"2026-06-20T14:30:00.000Z","3.588","1.395","235.82","16.3","866","0","647","2075"
"2026-06-20T15:30:00.000Z","2.357","1.18","236.81","11.17","0","0","889","1468"
"2026-06-20T16:30:00.000Z","0.379","0.194","239.9","1.73","0","0","100","279"
"2026-06-20T17:30:00.000Z","0.538","0.191","238.7","2.4","0","0","100","438"
"2026-06-20T18:30:00.000Z","0.397","0.178","239.28","1.79","0","0","100","297"
"2026-06-20T19:30:00.000Z","0.598","0.249","239.07","2.75","0","0","100","498"
"2026-06-20T20:30:00.000Z","0.559","0.291","239.02","2.62","0","0","100","459"
"2026-06-20T21:30:00.000Z","0.693","0.224","239.89","3.03","0","0","100","593"
"2026-06-20T22:30:00.000Z","0.721","0.362","240.56","3.38","0","0","100","621"
"2026-06-20T23:30:00.000Z","0.466","0.236","239.9","2.18","0","0","100","366"
"2026-06-21T00:30:00.000Z","0.292","0.14","240.02","1.34","0","0","132","160"
"2026-06-21T01:30:00.000Z","2.181","0.972","238.51","10","527","0","437","1217"
"2026-06-21T02:30:00.000Z","2.072","1.079","240.47","9.73","709","0","350","1013"
"2026-06-21T03:30:00.000Z","0.544","0.171","240.81","2.36","0","163","245","136"
"2026-06-21T04:30:00.000Z","1.095","0.456","240.61","4.9","0","329","100","666"
"2026-06-21T05:30:00.000Z","1.36","0.639","239.55","6.25","0","408","100","852"
"2026-06-21T06:30:00.000Z","1.327","0.503","239.76","5.93","267","398","597","65"
"2026-06-21T07:30:00.000Z","1.42","0.453","240.23","6.21","311","426","639","44"
"2026-06-21T08:30:00.000Z","1.281","0.42","241.13","5.58","0","352","576","353"
"2026-06-21T09:30:00.000Z","1.478","0.743","239.44","6.95","0","443","665","370"
"2026-06-21T10:30:00.000Z","1.225","0.504","240.69","5.48","0","0","458","767"
"2026-06-21T11:30:00.000Z","0.434","0.182","239.56","1.97","0","0","195","239"
"2026-06-21T12:30:00.000Z","2.644","1.039","235.8","12.08","737","0","765","1142"
"2026-06-21T13:30:00.000Z","3.82","1.482","237.62","17.27","586","0","977","2257"
"2026-06-21T14:30:00.000Z","3.728","1.193","237.25","16.49","1037","0","657","2034"
"2026-06-21T15:30:00.000Z","2.339","0.792","234.65","10.5","0","0","803","1536"
"2026-06-21T16:30:00.000Z","0.488","0.234","239.23","2.24","0","0","100","388"
"2026-06-21T17:30:00.000Z","0.747","0.222","240.35","3.26","0","0","100","647"
"2026-06-21T18:30:00.000Z","0.62","0.163","238.77","2.71","0","0","100","520"
"2026-06-21T19:30:00.000Z","0.624","0.309","238.72","2.92","0","0","100","524"
"2026-06-21T20:30:00.000Z","0.592","0.257","238.95","2.74","0","0","100","492"
"2026-06-21T21:30:00.000Z","0.548","0.243","238.85","2.48","0","0","100","448"
"2026-06-21T22:30:00.000Z","0.626","0.32","241.4","2.92","0","0","100","526"
"2026-06-21T23:30:00.000Z","0.579","0.208","240.34","2.59","0","0","100","479"
"2026-06-22T00:30:00.000Z","0.555","0.295","240.61","2.57","0","0","250","305"
"2026-06-22T01:30:00.000Z","1.868","0.893","239.13","8.66","206","0","366","1296"
"2026-06-22T02:30:00.000Z","1.804","0.753","240.38","8.16","525","0","532","747"
"2026-06-22T03:30:00.000Z","0.385","0.214","238.93","1.82","0","0","173","212"
"2026-06-22T04:30:00.000Z","1.239","0.574","239.51","5.71","0","0","100","1139"
"2026-06-22T05:30:00.000Z","1.352","0.533","240.12","6.09","0","0","100","1252"
"2026-06-22T06:30:00.000Z","1.085","0.481","240.23","4.97","256","0","488","341"
"2026-06-22T07:30:00.000Z","1.504","0.461","241.49","6.54","212","0","677","615"
"2026-06-22T08:30:00.000Z","1.124","0.56","241.33","5.2","0","0","506","618"
"2026-06-22T09:30:00.000Z","1.111","0.469","239.22","5","0","0","500","611"
"2026-06-22T10:30:00.000Z","1.17","0.414","239.17","5.17","0","0","526","644"
"2026-06-22T11:30:00.000Z","0.544","0.271","239.76","2.56","0","0","245","299"
"2026-06-22T12:30:00.000Z","2.161","1.171","237.67","10.3","477","0","474","1210"
"2026-06-22T13:30:00.000Z","3.173","1.298","235.77","14.53","409","0","771","1993"
"2026-06-22T14:30:00.000Z","3.093","1.569","236.06","14.68","402","371","929","1391"
"2026-06-22T15:30:00.000Z","1.994","0.833","236.68","9.11","0","0","804","1190"
"2026-06-22T16:30:00.000Z","0.312","0.155","239.38","1.44","0","0","100","212"
"2026-06-22T17:30:00.000Z","0.511","0.188","239.97","2.27","0","0","100","411"
"2026-06-22T18:30:00.000Z","0.832","0.306","238.93","3.72","0","0","100","732"
"2026-06-22T19:30:00.000Z","0.65","0.204","239.68","2.83","0","0","100","550"
"2026-06-22T20:30:00.000Z","0.758","0.334","241.25","3.41","0","0","100","658"
"2026-06-22T21:30:00.000Z","0.781","0.408","239.02","3.68","0","0","100","681"
"2026-06-22T22:30:00.000Z","0.627","0.182","239.7","2.75","0","0","100","527"
"2026-06-22T23:30:00.000Z","0.613","0.283","240.34","2.8","0","0","100","513"
"2026-06-23T00:30:00.000Z","0.609","0.3","240.33","2.85","0","0","274","335"
"2026-06-23T01:30:00.000Z","1.89","0.702","240.72","8.35","343","0","417","1130"
"2026-06-23T02:30:00.000Z","1.727","0.854","239.1","8.02","361","0","514","852"
"2026-06-23T03:30:00.000Z","0.463","0.179","239.87","2.08","0","0","208","255"
"2026-06-23T04:30:00.000Z","1.297","0.407","240.96","5.66","0","0","100","1197"
"2026-06-23T05:30:00.000Z","1.163","0.617","240.88","5.43","0","0","100","1063"
"2026-06-23T06:30:00.000Z","1.145","0.405","239.04","5.07","199","0","515","431"
"2026-06-23T07:30:00.000Z","1.091","0.59","241.17","5.13","295","0","491","305"
"2026-06-23T08:30:00.000Z","1.243","0.451","239.88","5.55","0","0","559","684"
"2026-06-23T09:30:00.000Z","1.266","0.525","239.42","5.71","0","0","529","737"
"2026-06-23T10:30:00.000Z","1.099","0.429","241.17","4.88","0","0","464","635"
"2026-06-23T11:30:00.000Z","0.423","0.166","241.24","1.87","0","0","190","233"
"2026-06-23T12:30:00.000Z","2.308","1.149","236.83","10.86","436","0","987","885"
"2026-06-23T13:30:00.000Z","3.247","1.07","234.92","14.57","1016","422","955","854"
"2026-06-23T14:30:00.000Z","3.163","1.649","238.03","14.97","623","0","701","1839"
"2026-06-23T15:30:00.000Z","2.186","0.63","236.5","9.64","0","0","937","1249"
"2026-06-23T16:30:00.000Z","0.679","0.332","239.6","3.18","0","0","100","579"
"2026-06-23T17:30:00.000Z","0.543","0.264","238.55","2.52","0","0","100","443"
"2026-06-23T18:30:00.000Z","0.498","0.128","239.24","2.17","0","0","100","398"
"2026-06-23T19:30:00.000Z","0.571","0.244","240.66","2.57","0","0","100","471"
"2026-06-23T20:30:00.000Z","0.406","0.208","238.62","1.92","0","0","100","306"
"2026-06-23T21:30:00.000Z","0.617","0.282","239.26","2.83","0","0","100","517"
"2026-06-23T22:30:00.000Z","0.624","0.307","238.78","2.9","0","0","100","524"
"2026-06-23T23:30:00.000Z","0.469","0.198","240.56","2.15","0","0","100","369"
"2026-06-24T00:30:00.000Z","0.408","0.211","241.14","1.89","0","0","183","225"
"2026-06-24T01:30:00.000Z","1.857","0.878","241","8.55","502","0","521","834"
"2026-06-24T02:30:00.000Z","1.825","0.899","238.78","8.51","443","0","344","1038"
"2026-06-24T03:30:00.000Z","0.498","0.256","240.9","2.32","0","0","224","274"
"2026-06-24T04:30:00.000Z","1.083","0.548","239.27","5.1","0","0","100","983"
"2026-06-24T05:30:00.000Z","1.197","0.504","239.21","5.45","0","0","100","1097"
"2026-06-24T06:30:00.000Z","1.41","0.773","240.23","6.65","268","0","590","552"
"2026-06-24T07:30:00.000Z","1.026","0.286","240.43","4.45","410","0","462","154"
"2026-06-24T08:30:00.000Z","1.257","0.435","239.98","5.54","0","0","566","691"
"2026-06-24T09:30:00.000Z","1.043","0.516","240.63","4.83","0","0","400","643"
"2026-06-24T10:30:00.000Z","1.371","0.591","241.2","6.16","0","0","550","821"
"2026-06-24T11:30:00.000Z","0.505","0.228","239.35","2.32","0","0","227","278"
"2026-06-24T12:30:00.000Z","2.169","0.738","234.81","9.75","868","0","725","576"
"2026-06-24T13:30:00.000Z","3.046","1.14","236.83","13.7","629","0","436","1981"
"2026-06-24T14:30:00.000Z","3.161","1.348","236.04","14.58","1195","639","519","808"
"2026-06-24T15:30:00.000Z","2.053","0.682","236.81","9.15","0","0","924","1129"
"2026-06-24T16:30:00.000Z","0.43","0.162","240.23","1.9","0","0","100","330"
"2026-06-24T17:30:00.000Z","0.582","0.242","239.08","2.62","0","0","100","482"
"2026-06-24T18:30:00.000Z","0.541","0.275","240.24","2.53","0","0","100","441"
"2026-06-24T19:30:00.000Z","0.448","0.212","239.96","2.07","0","0","100","348"
"2026-06-24T20:30:00.000Z","0.614","0.218","239.35","2.73","0","0","100","514"
"2026-06-24T21:30:00.000Z","0.182","0.108","239.35","0.84","0","0","82","100"
"2026-06-24T22:30:00.000Z","0.531","0.272","239.91","2.49","0","0","100","431"
"2026-06-24T23:30:00.000Z","0.521","0.253","240.83","2.4","0","0","100","421"
"2026-06-25T00:30:00.000Z","0.212","0.088","239.46","0.95","0","0","95","117"
"2026-06-25T01:30:00.000Z","1.513","0.441","240.78","6.56","366","0","322","825"
"2026-06-25T02:30:00.000Z","1.582","0.796","240.7","7.39","554","0","455","573"
"2026-06-25T03:30:00.000Z","0.216","0.087","240.72","0.99","0","0","97","119"
"2026-06-25T04:30:00.000Z","1.061","0.414","240.14","4.73","0","0","100","961"
"2026-06-25T05:30:00.000Z","1.201","0.473","240.05","5.37","0","0","100","1101"
"2026-06-25T06:30:00.000Z","1.155","0.52","240.92","5.22","190","0","520","445"
"2026-06-25T07:30:00.000Z","0.837","0.292","239.73","3.71","271","0","377","189"
"2026-06-25T08:30:00.000Z","1.183","0.512","240.4","5.34","0","0","533","650"
"2026-06-25T09:30:00.000Z","0.739","0.385","238.69","3.46","0","0","333","406"
"2026-06-25T10:30:00.000Z","1.113","0.456","240.49","5.02","0","0","416","697"
"2026-06-25T11:30:00.000Z","0.257","0.146","240.38","1.18","0","0","115","142"
"2026-06-25T12:30:00.000Z","2.036","0.979","237.71","9.53","814","0","479","743"
"2026-06-25T13:30:00.000Z","2.975","1.091","237.11","13.4","501","0","862","1612"
"2026-06-25T14:30:00.000Z","2.831","0.988","235.76","12.69","689","0","701","1441"
"2026-06-25T15:30:00.000Z","2.105","1.027","236.42","9.93","0","0","444","1661"
"2026-06-25T16:30:00.000Z","0.2","0.056","238.97","0.89","0","0","90","110"
"2026-06-25T17:30:00.000Z","0.563","0.306","239.16","2.63","0","0","100","463"
"2026-06-25T18:30:00.000Z","0.392","0.155","239.43","1.77","0","0","100","292"
"2026-06-25T19:30:00.000Z","0.296","0.174","238.57","1.41","0","0","100","196"
"2026-06-25T20:30:00.000Z","0.299","0.131","239.05","1.4","0","0","100","199"
"2026-06-25T21:30:00.000Z","0.381","0.099","238.84","1.67","0","0","100","281"
"2026-06-25T22:30:00.000Z","0.2","0.086","241.21","0.89","0","0","90","110"
"2026-06-25T23:30:00.000Z","0.348","0.137","238.99","1.59","0","0","100","248"
"2026-06-26T00:30:00.000Z","0.305","0.179","239.86","1.43","0","0","137","168"
"2026-06-26T01:30:00.000Z","1.563","0.511","239.98","6.86","560","0","639","364"
"2026-06-26T02:30:00.000Z","1.377","0.459","239.92","6.03","429","0","320","628"
"2026-06-26T03:30:00.000Z","0.207","0.112","239.84","0.98","0","0","93","114"
"2026-06-26T04:30:00.000Z","0.856","0.399","240.21","3.89","0","0","100","756"
"2026-06-26T05:30:00.000Z","1.077","0.531","241.19","5.02","0","0","100","977"
"2026-06-26T06:30:00.000Z","0.86","0.353","239.63","3.92","344","0","387","129"
"2026-06-26T07:30:00.000Z","0.787","0.249","238.92","3.44","265","0","354","168"
"2026-06-26T08:30:00.000Z","0.874","0.398","240.69","4.02","0","0","393","481"
"2026-06-26T09:30:00.000Z","1.04","0.562","239.58","4.89","0","0","468","572"
"2026-06-26T10:30:00.000Z","0.735","0.389","240.64","3.42","0","0","331","404"
"2026-06-26T11:30:00.000Z","0.35","0.107","240.17","1.56","0","0","158","192"
"2026-06-26T12:30:00.000Z","1.752","0.776","236.76","8.06","701","0","771","280"
"2026-06-26T13:30:00.000Z","2.855","1.426","236.11","13.48","1142","313","413","987"
"2026-06-26T14:30:00.000Z","2.84","1.288","235.58","13.27","1136","632","580","492"
"2026-06-26T15:30:00.000Z","1.832","0.747","237.47","8.36","0","0","456","1376"
"2026-06-26T16:30:00.000Z","0.224","0.105","240.68","1.04","0","0","100","124"
"2026-06-26T17:30:00.000Z","0.455","0.157","238.88","1.99","0","0","100","355"
"2026-06-26T18:30:00.000Z","0.588","0.221","240.96","2.63","0","0","100","488"
"2026-06-26T19:30:00.000Z","0.533","0.267","238.64","2.51","0","0","100","433"
"2026-06-26T20:30:00.000Z","0.598","0.245","239.01","2.71","0","0","100","498"
"2026-06-26T21:30:00.000Z","0.343","0.141","239.37","1.53","0","0","100","243"
"2026-06-26T22:30:00.000Z","0.306","0.157","238.67","1.4","0","0","100","206"
"2026-06-26T23:30:00.000Z","0.412","0.219","239.81","1.9","0","0","100","312"
"2026-06-27T00:30:00.000Z","0.387","0.203","241.38","1.78","0","0","174","213"
"2026-06-27T01:30:00.000Z","1.821","0.599","241.14","7.95","666","0","402","753"
"2026-06-27T02:30:00.000Z","1.934","0.949","241.42","8.92","371","0","499","1064"
"2026-06-27T03:30:00.000Z","0.182","0.067","240.12","0.82","0","55","82","45"
"2026-06-27T04:30:00.000Z","1.022","0.399","239.54","4.55","0","307","100","615"
"2026-06-27T05:30:00.000Z","1.368","0.383","240.98","5.92","0","410","100","858"
"2026-06-27T06:30:00.000Z","1.14","0.583","240.33","5.28","203","342","513","82"
"2026-06-27T07:30:00.000Z","1.173","0.593","239.91","5.52","231","301","528","113"
"2026-06-27T08:30:00.000Z","0.964","0.384","240.22","4.32","0","289","434","241"
"2026-06-27T09:30:00.000Z","1.441","0.527","240.09","6.36","0","432","626","383"
"2026-06-27T10:30:00.000Z","1.346","0.676","239.42","6.33","0","0","599","747"
"2026-06-27T11:30:00.000Z","0.308","0.11","240.22","1.35","0","0","139","169"
"2026-06-27T12:30:00.000Z","2.288","0.668","235.57","10.15","847","0","424","1017"
"2026-06-27T13:30:00.000Z","3.849","1.896","235.23","18.29","979","0","806","2064"
"2026-06-27T14:30:00.000Z","3.722","1.849","235.49","17.69","863","0","644","2215"
"2026-06-27T15:30:00.000Z","2.407","1.091","236.56","11.17","0","0","928","1479"
"2026-06-27T16:30:00.000Z","0.354","0.11","240.95","1.57","0","0","100","254"
"2026-06-27T17:30:00.000Z","0.432","0.235","239.63","2.02","0","0","100","332"
"2026-06-27T18:30:00.000Z","0.712","0.343","240.07","3.29","0","0","100","612"
"2026-06-27T19:30:00.000Z","0.628","0.28","238.58","2.92","0","0","100","528"
"2026-06-27T20:30:00.000Z","0.679","0.376","240.08","3.2","0","0","100","579"
"2026-06-27T21:30:00.000Z","0.453","0.148","240.53","1.97","0","0","100","353"
"2026-06-27T22:30:00.000Z","0.522","0.145","240.8","2.28","0","0","100","422"
"2026-06-27T23:30:00.000Z","0.765","0.354","241.45","3.46","0","0","100","665"
"2026-06-28T00:30:00.000Z","0.505","0.253","238.91","2.39","0","0","227","278"
"2026-06-28T01:30:00.000Z","2.131","0.946","239.42","9.71","531","0","404","1196"
"2026-06-28T02:30:00.000Z","2.151","0.881","240.46","9.69","503","0","620","1028"
"2026-06-28T03:30:00.000Z","0.616","0.19","239.02","2.73","0","185","277","154"
"2026-06-28T04:30:00.000Z","1.153","0.621","240.32","5.43","0","346","100","707"
"2026-06-28T05:30:00.000Z","1.554","0.545","238.82","6.87","0","332","100","1122"
"2026-06-28T06:30:00.000Z","1.347","0.515","239.5","6.01","363","404","570","10"
"2026-06-28T07:30:00.000Z","1.538","0.544","241.31","6.78","410","461","692","0"
"2026-06-28T08:30:00.000Z","1.38","0.399","241.06","5.98","0","414","621","345"
"2026-06-28T09:30:00.000Z","1.405","0.618","240.95","6.39","0","421","449","535"
"2026-06-28T10:30:00.000Z","1.31","0.606","240.98","6","0","0","548","762"
"2026-06-28T11:30:00.000Z","0.331","0.187","239.57","1.56","0","0","149","182"
"2026-06-28T12:30:00.000Z","2.436","0.795","236.72","10.81","974","0","878","584"
"2026-06-28T13:30:00.000Z","3.853","1.153","236.32","17.03","669","0","644","2540"
"2026-06-28T14:30:00.000Z","3.8","1.974","237.63","17.98","1089","0","720","1991"
"2026-06-28T15:30:00.000Z","2.642","0.871","235.69","11.8","0","0","646","1996"
"2026-06-28T16:30:00.000Z","0.383","0.147","239.54","1.72","0","0","100","283"
"2026-06-28T17:30:00.000Z","0.642","0.298","239.61","3","0","0","100","542"
"2026-06-28T18:30:00.000Z","0.519","0.154","240.32","2.25","0","0","100","419"
"2026-06-28T19:30:00.000Z","0.463","0.18","238.66","2.08","0","0","100","363"
"2026-06-28T20:30:00.000Z","0.567","0.196","238.68","2.5","0","0","100","467"
"2026-06-28T21:30:00.000Z","0.528","0.252","241.48","2.41","0","0","100","428"
"2026-06-28T22:30:00.000Z","0.541","0.173","238.96","2.39","0","0","100","441"
"2026-06-28T23:30:00.000Z","0.742","0.264","240.03","3.31","0","0","100","642"
"2026-06-29T00:30:00.000Z","0.482","0.177","239.08","2.13","0","0","217","265"
"2026-06-29T01:30:00.000Z","1.738","0.832","241.26","7.96","527","0","412","799"
"2026-06-29T02:30:00.000Z","1.807","0.83","241.18","8.26","202","0","403","1202"
"2026-06-29T03:30:00.000Z","0.417","0.153","238.51","1.88","0","0","188","229"
"2026-06-29T04:30:00.000Z","1.095","0.361","240.38","4.83","0","0","100","995"
"2026-06-29T05:30:00.000Z","1.217","0.565","239.72","5.64","0","0","100","1117"
"2026-06-29T06:30:00.000Z","1.123","0.542","240.14","5.22","295","0","505","323"
"2026-06-29T07:30:00.000Z","1.43","0.784","238.74","6.81","251","0","644","535"
"2026-06-29T08:30:00.000Z","0.977","0.361","240.33","4.3","0","0","440","537"
"2026-06-29T09:30:00.000Z","1.254","0.591","241.05","5.74","0","0","564","690"
"2026-06-29T10:30:00.000Z","1.26","0.504","241.4","5.63","0","0","567","693"
"2026-06-29T11:30:00.000Z","0.585","0.294","239.27","2.73","0","0","263","322"
"2026-06-29T12:30:00.000Z","2.169","0.733","235.35","9.76","760","0","619","790"
"2026-06-29T13:30:00.000Z","3.093","1.461","235.05","14.59","454","0","410","2229"
"2026-06-29T14:30:00.000Z","3.264","1.715","236.75","15.57","917","551","593","1203"
"2026-06-29T15:30:00.000Z","2.088","0.706","237.42","9.27","0","0","639","1449"
"2026-06-29T16:30:00.000Z","0.463","0.156","240.77","2.04","0","0","100","363"
"2026-06-29T17:30:00.000Z","0.559","0.197","240.84","2.46","0","0","100","459"
"2026-06-29T18:30:00.000Z","0.611","0.268","239.17","2.77","0","0","100","511"
"2026-06-29T19:30:00.000Z","0.568","0.226","238.9","2.53","0","0","100","468"
"2026-06-29T20:30:00.000Z","0.652","0.339","238.53","3.07","0","0","100","552"
"2026-06-29T21:30:00.000Z","0.652","0.326","238.68","3.03","0","0","100","552"
"2026-06-29T22:30:00.000Z","0.644","0.345","240.3","3.03","0","0","100","544"
"2026-06-29T23:30:00.000Z","0.566","0.238","239.27","2.58","0","0","100","466"
"2026-06-30T00:30:00.000Z","0.452","0.17","239.75","1.99","0","0","204","248"
"2026-06-30T01:30:00.000Z","1.904","0.858","240.32","8.74","293","0","315","1296"
"2026-06-30T02:30:00.000Z","1.965","0.621","239.42","8.59","531","0","385","1049"
"2026-06-30T03:30:00.000Z","0.441","0.236","240.46","2.04","0","0","198","243"
"2026-06-30T04:30:00.000Z","1.089","0.445","239.78","4.88","0","0","100","989"
"2026-06-30T05:30:00.000Z","1.438","0.402","239.04","6.27","0","0","100","1338"
"2026-06-30T06:30:00.000Z","1.141","0.363","239.29","5.02","290","0","513","338"
"2026-06-30T07:30:00.000Z","1.384","0.653","238.73","6.39","418","0","623","343"
"2026-06-30T08:30:00.000Z","1.078","0.496","238.59","4.97","0","0","485","593"
"2026-06-30T09:30:00.000Z","1.367","0.636","240.16","6.29","0","0","576","791"
"2026-06-30T10:30:00.000Z","1.256","0.474","241.42","5.53","0","0","565","691"
"2026-06-30T11:30:00.000Z","0.443","0.194","238.66","2.05","0","0","199","244"
"2026-06-30T12:30:00.000Z","2.225","0.942","236.03","10.2","890","0","823","512"
"2026-06-30T13:30:00.000Z","3.286","1.67","235.52","15.63","588","427","757","1514"
"2026-06-30T14:30:00.000Z","3.173","1.166","236.09","14.31","786","374","901","1112"
"2026-06-30T15:30:00.000Z","2.185","1.05","237.44","10.2","0","0","831","1354"
"2026-06-30T16:30:00.000Z","0.42","0.218","241.44","1.93","0","0","100","320"
"2026-06-30T17:30:00.000Z","0.532","0.155","240.37","2.32","0","0","100","432"
"2026-06-30T18:30:00.000Z","0.683","0.339","238.64","3.17","0","0","100","583"
"2026-06-30T19:30:00.000Z","0.415","0.17","239.44","1.88","0","0","100","315"
"2026-06-30T20:30:00.000Z","0.502","0.266","240.1","2.33","0","0","100","402"
"2026-06-30T21:30:00.000Z","0.539","0.188","241.48","2.4","0","0","100","439"
"2026-06-30T22:30:00.000Z","0.476","0.172","239.48","2.09","0","0","100","376"
"2026-06-30T23:30:00.000Z","0.396","0.139","240.57","1.74","0","0","100","296"
"2026-07-01T00:30:00.000Z","0.575","0.228","240.21","2.61","0","0","259","316"
"2026-07-01T01:30:00.000Z","1.723","0.754","239.53","7.82","261","0","324","1138"
"2026-07-01T02:30:00.000Z","1.728","0.779","238.96","7.96","559","0","458","711"
"2026-07-01T03:30:00.000Z","0.552","0.261","239.77","2.51","0","0","248","304"
"2026-07-01T04:30:00.000Z","0.959","0.413","241.47","4.33","0","0","100","859"
"2026-07-01T05:30:00.000Z","0.932","0.314","241.2","4.05","0","0","100","832"
"2026-07-01T06:30:00.000Z","1.06","0.587","240.8","5","349","0","477","234"
"2026-07-01T07:30:00.000Z","1.151","0.622","241.31","5.41","186","0","518","447"
"2026-07-01T08:30:00.000Z","1.17","0.338","241.22","5.07","0","0","527","643"
"2026-07-01T09:30:00.000Z","1.296","0.393","240.83","5.63","0","0","583","713"
"2026-07-01T10:30:00.000Z","0.79","0.332","239.82","3.57","0","0","356","434"
"2026-07-01T11:30:00.000Z","0.4","0.117","241.2","1.75","0","0","180","220"
"2026-07-01T12:30:00.000Z","2.119","1.042","236.64","9.93","783","0","530","806"
"2026-07-01T13:30:00.000Z","3.008","1.276","235.42","13.87","721","296","762","1229"
"2026-07-01T14:30:00.000Z","3.161","1.342","237.82","14.45","892","0","991","1278"
"2026-07-01T15:30:00.000Z","2.049","0.939","237.54","9.49","0","0","922","1127"
"2026-07-01T16:30:00.000Z","0.569","0.256","240.28","2.56","0","0","100","469"
"2026-07-01T17:30:00.000Z","0.628","0.208","239.2","2.77","0","0","100","528"
"2026-07-01T18:30:00.000Z","0.409","0.101","240.79","1.78","0","0","100","309"
"2026-07-01T19:30:00.000Z","0.349","0.169","241.35","1.63","0","0","100","249"
"2026-07-01T20:30:00.000Z","0.562","0.157","241.42","2.43","0","0","100","462"
"2026-07-01T21:30:00.000Z","0.335","0.107","239.71","1.47","0","0","100","235"
"2026-07-01T22:30:00.000Z","0.475","0.141","239.4","2.09","0","0","100","375"
"2026-07-01T23:30:00.000Z","0.477","0.212","240.82","2.21","0","0","100","377"
"2026-07-02T00:30:00.000Z","0.25","0.076","240.95","1.12","0","0","113","137"
"2026-07-02T01:30:00.000Z","1.762","0.819","238.72","8.12","529","0","698","535"
"2026-07-02T02:30:00.000Z","1.606","0.647","240.64","7.16","234","0","696","676"
"2026-07-02T03:30:00.000Z","0.471","0.223","239.08","2.21","0","0","212","259"
"2026-07-02T04:30:00.000Z","1.028","0.453","241.06","4.66","0","0","100","928"
"2026-07-02T05:30:00.000Z","0.898","0.301","238.96","3.96","0","0","100","798"
"2026-07-02T06:30:00.000Z","0.931","0.409","238.92","4.24","269","0","419","243"
"2026-07-02T07:30:00.000Z","1.05","0.404","238.85","4.7","418","0","473","159"
"2026-07-02T08:30:00.000Z","0.938","0.292","239.37","4.13","0","0","422","516"
"2026-07-02T09:30:00.000Z","1.144","0.515","240.49","5.26","0","0","515","629"
"2026-07-02T10:30:00.000Z","0.849","0.421","239.82","3.95","0","0","382","467"
"2026-07-02T11:30:00.000Z","0.366","0.145","239.57","1.66","0","0","165","201"
"2026-07-02T12:30:00.000Z","1.857","0.787","237.33","8.47","743","0","816","298"
"2026-07-02T13:30:00.000Z","2.991","1.006","236.62","13.31","1102","0","722","1167"
"2026-07-02T14:30:00.000Z","2.889","1.273","235.35","13.41","455","0","994","1440"
"2026-07-02T15:30:00.000Z","1.908","0.595","236.66","8.44","0","0","807","1101"
"2026-07-02T16:30:00.000Z","0.342","0.194","239.04","1.6","0","0","100","242"
"2026-07-02T17:30:00.000Z","0.546","0.272","238.66","2.56","0","0","100","446"
"2026-07-02T18:30:00.000Z","0.469","0.205","239.3","2.16","0","0","100","369"
"2026-07-02T19:30:00.000Z","0.378","0.183","240.86","1.76","0","0","100","278"
"2026-07-02T20:30:00.000Z","0.236","0.112","238.92","1.09","0","0","100","136"
"2026-07-02T21:30:00.000Z","0.351","0.192","239.74","1.66","0","0","100","251"
"2026-07-02T22:30:00.000Z","0.423","0.138","240.94","1.83","0","0","100","323"
"2026-07-02T23:30:00.000Z","0.246","0.069","240.08","1.08","0","0","100","146"
"2026-07-03T00:30:00.000Z","0.388","0.113","240.99","1.69","0","0","174","214"
"2026-07-03T01:30:00.000Z","1.495","0.58","241.08","6.64","489","0","639","367"
"2026-07-03T02:30:00.000Z","1.37","0.718","239.69","6.42","497","0","590","283"
"2026-07-03T03:30:00.000Z","0.158","0.043","238.53","0.7","0","0","71","87"
"2026-07-03T04:30:00.000Z","0.932","0.42","238.55","4.3","0","0","100","832"
"2026-07-03T05:30:00.000Z","0.961","0.491","240.07","4.5","0","0","100","861"
"2026-07-03T06:30:00.000Z","0.98","0.45","240.4","4.47","343","0","441","196"
"2026-07-03T07:30:00.000Z","1.247","0.483","239.78","5.55","285","0","561","401"
"2026-07-03T08:30:00.000Z","0.725","0.409","239.07","3.44","0","0","326","399"
"2026-07-03T09:30:00.000Z","0.912","0.327","240.84","4.05","0","0","411","501"
"2026-07-03T10:30:00.000Z","0.999","0.509","239.02","4.69","0","0","438","561"
"2026-07-03T11:30:00.000Z","0.201","0.106","239.61","0.91","0","0","90","111"
"2026-07-03T12:30:00.000Z","1.826","0.948","238.39","8.67","730","0","822","274"
"2026-07-03T13:30:00.000Z","2.839","1.271","236.83","13.15","1090","0","906","843"
"2026-07-03T14:30:00.000Z","2.823","1.105","237.74","12.73","965","0","995","863"
"2026-07-03T15:30:00.000Z","2.008","0.906","236.02","9.37","0","0","688","1320"
"2026-07-03T16:30:00.000Z","0.258","0.12","241.2","1.18","0","0","100","158"
"2026-07-03T17:30:00.000Z","0.36","0.201","239.63","1.7","0","0","100","260"